{"epoch": 16, "train_loss": 6.332587838172913, "eval_loss": 5.137455, "eval_top1": 9.570000008544921, "eval_top5": 24.43600003417969, "_timestamp": 1701662951.315688, "_runtime": 2235.021739959717, "_step": 16, "_wandb": {"runtime": 2243}}