{"epoch": 0, "train_loss": 7.029456853866577, "eval_loss": 7.0004575, "eval_top1": 0.108, "eval_top5": 0.6320000004577637, "_timestamp": 1701665773.4289382, "_runtime": 201.656259059906, "_step": 0}